cmkovxy2c000048eor6mcshq7,600CG235(MO),600cg235mo,2026-01-22 03:21:36.948,,,f
cmkrthi4700070weo4uj3ck2o,E8640GBS-C236(I) Soaping,e8640gbs-c236i-soaping,2026-01-24 04:36:09.079,,,f
cmkrtif9000090weouizmgbch,R0390801-144(DBL),r0390801-144dbl,2026-01-24 04:36:52.02,,,f
cmkrtiwb1000a0weo46806pw1,1151039C(NL)-225,1151039cnl-225,2026-01-24 04:37:14.125,,,f
cmkrtm0m7000c0weotyan3e3p,1152031C(NL)-225,1152031cnl-225,2026-01-24 04:39:39.679,,,f
cmkrto7pq000f0weoun9vjqie,SR-E96 MILAN-C230(S),sr-e96-milan-c230s,2026-01-24 04:41:22.19,,,f
cmkrtou8b000g0weofj47xxqz,SR-E96NS MILAN-C230(S),sr-e96ns-milan-c230s,2026-01-24 04:41:51.371,,,f
cmkrtpkaj000h0weoh7dulwpn,SR-E9119C(PET)-A202(S),sr-e9119cpet-a202s,2026-01-24 04:42:25.147,,,f
cmkrtq03d000i0weo4qgb77ik,CPY-2550(MO),cpy-2550mo,2026-01-24 04:42:45.625,,,f
cmkrtqfb3000j0weoekzf46dv,M-P006J-214(MO),m-p006j-214mo,2026-01-24 04:43:05.343,,,f
cmkzdcgu00001z8eoqt1wr7ki,506R-1620(H),506r-1620h,2026-01-29 11:26:29.688,,,f
cml0rcukx0000j4eopriqpmpt,SR-E96W-A200(S),sr-e96w-a200s,2026-01-30 10:46:28.305,,,f
cmkrtdz5g00020weo3ctjbq0u,HC10-198(MO),hc10-198mo,2026-01-24 04:33:24.532,2026-02-04 23:32:55.607,cml88f7nj00012oeolaspxy85,t
cmkrtmu6p000e0weo367dybvm,200RPM-2320(L),200rpm-2320l,2026-01-24 04:40:18.001,2026-02-04 23:33:48.13,cml88e04n00002oeot8yw4307,t
cmk4ewwbd000104l4fo9m04t4,CPY-2060(MO),cpy-2060mo,2026-02-02 00:09:27.18,2026-02-02 00:15:52.286,cmk4f4qc0000004l76owodv4e,t
cmkrtezd900040weoqyk0bu04,RN4033V-174 Calendar,rn4033v-174-calendar,2026-01-24 04:34:11.469,2026-02-02 00:31:19.316,cmk4fl587000204jrdi2h8stt,t
cmkrtjmi0000b0weosltmddwb,TB86-2300 (No WSP with Line),tb86-2300-no-wsp-with-line,2026-01-24 04:37:48.072,2026-02-02 00:31:35.581,cmkzicob4000004ji6x2z1xiw,t
cmkrthuh900080weox2ugm98k,200R-2220(L),200r-2220l,2026-01-24 04:36:25.101,2026-02-02 00:31:38.789,cmkze3yxg000104l24p2z1slx,t
cmkrtmfrj000d0weow0diqv4s,MX47G252(MO),mx47g252mo,2026-01-24 04:39:59.311,2026-02-02 00:33:02.844,cmkzig71t000104ji59y95o7y,t
cmkrtcpff00000weoe0jp25pe,E98CW6R1-D268(I),e98cw6r1-d268i,2026-01-24 04:32:25.275,,cml6463jl0000doeozyi9pi2e,f
cml8liti100062oeoy8p2idd0,RN4033V-253 Calendar,rn4033v-253-calendar,2026-02-04 22:25:18.552,,,f
cml8lnpye00072oeo4xsnlhs9,S965-2520(MO),s965-2520mo,2026-02-04 22:29:07.238,,,f
cml8loggw00082oeo6nbs45tv,S965-2320(MO),s965-2320mo,2026-02-04 22:29:41.6,,,f
cml8m2rhv00092oeo4mu7a8ed,CPY-2320(MO),cpy-2320mo,2026-02-04 22:40:49.075,,,f
cml8mglbp000a2oeofd547wgm,S965-1700(MO),s965-1700mo,2026-02-04 22:51:34.261,,,f
cml8mojqf000b2oeo83ot0y8f,600CG252(MO),600cg252mo,2026-02-04 22:57:45.446,,,f
cml8mpkyd000c2oeou9c4p6aj,S965G235(MO),s965g235mo,2026-02-04 22:58:33.685,,,f
cml8mroo0000d2oeoi6lapnsb,S965G232(MO),s965g232mo,2026-02-04 23:00:11.808,,,f
cmkrtge2h00060weof0k5euq2,M-R406J-229(MO),m-r406j-229mo,2026-01-24 04:35:17.177,2026-02-04 23:30:09.057,cml88nelq00052oeopq53htz7,t
cmkrtfppp00050weowxruik1o,E98CW6R1-C233(I),e98cw6r1-c233i,2026-01-24 04:34:45.613,2026-02-04 23:30:54.945,cml88lcqj00042oeogu6d2hjt,t
cmkrtedxe00030weo53vpvnvr,RN4033V-233 Calendar,rn4033v-233-calendar,2026-01-24 04:33:43.682,2026-02-04 23:31:31.389,cml88j10d00032oeonshdz43y,t
cmkrtd3ne00010weor65hro23,E98CW6R1-D270(I),e98cw6r1-d270i,2026-01-24 04:32:43.706,2026-02-04 23:32:17.633,cml88h9ke00022oeor26m8keo,t
